Date,Set,Period,Year,Treatment,ID,Block,Plot,Slope,SLayer,pH
25.06.2020,1,Pre-treatment,2020,Control,1-1BOTC,1,1,BOT,C,5.89
25.06.2020,1,Pre-treatment,2020,Sugar,1-2BOTC,1,2,BOT,C,5.13
25.06.2020,1,Pre-treatment,2020,Band,1-3BOTH,1,3,BOT,A,4.65
25.06.2020,1,Pre-treatment,2020,Band,2-1BOTC,2,1,BOT,C,5.91
25.06.2020,1,Pre-treatment,2020,Sugar,2-3BOTC,2,3,BOT,C,4.83
25.06.2020,1,Pre-treatment,2020,Band,3-1BOTC,3,1,BOT,C,5.67
25.06.2020,1,Pre-treatment,2020,Band,3-1BOTH,3,1,BOT,A,4.72
25.06.2020,1,Pre-treatment,2020,Sugar,3-2BOTC,3,2,BOT,C,5.34
25.06.2020,1,Pre-treatment,2020,Sugar,3-2BOTH,3,2,BOT,A,4.87
25.06.2020,1,Pre-treatment,2020,Control,3-3BOTC,3,3,BOT,C,5.47
25.06.2020,1,Pre-treatment,2020,Control,3-3BOTH,3,3,BOT,A,5.29
02.07.2020,2,Pre-treatment,2020,Control,1-1MIDH,1,1,MID,A,5.58
02.07.2020,2,Pre-treatment,2020,Sugar,1-2BOTC,1,2,BOT,C,5.5
02.07.2020,2,Pre-treatment,2020,Band,1-3BOTC,1,3,BOT,C,5.23
02.07.2020,2,Pre-treatment,2020,Band,1-3TOPH,1,3,TOP,A,4.68
02.07.2020,2,Pre-treatment,2020,Band,2-1BOTC,2,1,BOT,C,5.78
02.07.2020,2,Pre-treatment,2020,Control,2-2BOTC,2,2,BOT,C,5.54
02.07.2020,2,Pre-treatment,2020,Sugar,2-3BOTC,2,3,BOT,C,4.99
02.07.2020,2,Pre-treatment,2020,Sugar,2-3BOTH,2,3,BOT,A,4.48
02.07.2020,2,Pre-treatment,2020,Band,3-1BOTC,3,1,BOT,C,5.42
02.07.2020,2,Pre-treatment,2020,Band,3-1BOTH,3,1,BOT,A,5.23
02.07.2020,2,Pre-treatment,2020,Sugar,3-2BOTC,3,2,BOT,C,5.67
02.07.2020,2,Pre-treatment,2020,Sugar,3-2BOTH,3,2,BOT,A,4.94
02.07.2020,2,Pre-treatment,2020,Control,3-3BOTC,3,3,BOT,C,5.44
02.07.2020,2,Pre-treatment,2020,Control,3-3BOTH,3,3,BOT,A,4.44
02.07.2020,2,Pre-treatment,2020,Control,3-3MIDC,3,3,MID,C,5.37
02.07.2020,2,Pre-treatment,2020,Control,3-3MIDH,3,3,MID,A,4.5
11.07.2020,3,Pre-treatment,2020,Control,1-1BOTC,1,1,BOT,C,5.65
11.07.2020,3,Pre-treatment,2020,Control,1-1MIDC,1,1,MID,C,5.97
11.07.2020,3,Pre-treatment,2020,Control,1-1MIDH,1,1,MID,A,5.49
11.07.2020,3,Pre-treatment,2020,Sugar,1-2BOTC,1,2,BOT,C,5.34
11.07.2020,3,Pre-treatment,2020,Sugar,1-2TOPH,1,2,TOP,A,4.1
11.07.2020,3,Pre-treatment,2020,Band,1-3BOTH,1,3,BOT,A,4.91
11.07.2020,3,Pre-treatment,2020,Band,1-3MIDC,1,3,MID,C,5.6
11.07.2020,3,Pre-treatment,2020,Band,1-3MIDH,1,3,MID,A,5.08
11.07.2020,3,Pre-treatment,2020,Control,2-2BOTC,2,2,BOT,C,5.95
11.07.2020,3,Pre-treatment,2020,Sugar,2-3BOTC,2,3,BOT,C,5.39
11.07.2020,3,Pre-treatment,2020,Sugar,2-3BOTH,2,3,BOT,A,4.99
11.07.2020,3,Pre-treatment,2020,Band,3-1BOTC,3,1,BOT,C,5.98
11.07.2020,3,Pre-treatment,2020,Band,3-1BOTH,3,1,BOT,A,5.01
11.07.2020,3,Pre-treatment,2020,Sugar,3-2BOTC,3,2,BOT,C,6.19
11.07.2020,3,Pre-treatment,2020,Sugar,3-2BOTH,3,2,BOT,A,4.97
11.07.2020,3,Pre-treatment,2020,Sugar,3-2TOPH,3,2,TOP,A,4.44
11.07.2020,3,Pre-treatment,2020,Control,3-3BOTC,3,3,BOT,C,5.8
11.07.2020,3,Pre-treatment,2020,Control,3-3BOTH,3,3,BOT,A,5.76
11.07.2020,3,Pre-treatment,2020,Control,3-3MIDH,3,3,MID,A,4.07
24.07.2020,4,Pre-treatment,2020,Control,1-1BOTC,1,1,BOT,C,5.29
24.07.2020,4,Pre-treatment,2020,Control,1-1BOTH,1,1,BOT,A,4.25
24.07.2020,4,Pre-treatment,2020,Control,1-1MIDH,1,1,MID,A,5.08
24.07.2020,4,Pre-treatment,2020,Control,1-1TOPH,1,1,TOP,A,4.19
24.07.2020,4,Pre-treatment,2020,Sugar,1-2BOTC,1,2,BOT,C,4.81
24.07.2020,4,Pre-treatment,2020,Sugar,1-2BOTH,1,2,BOT,A,4.56
24.07.2020,4,Pre-treatment,2020,Sugar,1-2TOPH,1,2,TOP,A,3.99
24.07.2020,4,Pre-treatment,2020,Band,1-3BOTC,1,3,BOT,C,5.48
24.07.2020,4,Pre-treatment,2020,Band,1-3BOTH,1,3,BOT,A,4.87
24.07.2020,4,Pre-treatment,2020,Band,1-3MIDH,1,3,MID,A,4.53
24.07.2020,4,Pre-treatment,2020,Band,1-3TOPH,1,3,TOP,A,4.66
24.07.2020,4,Pre-treatment,2020,Band,2-1BOTC,2,1,BOT,C,6.06
24.07.2020,4,Pre-treatment,2020,Band,2-1MIDH,2,1,MID,A,4.61
24.07.2020,4,Pre-treatment,2020,Control,2-2BOTC,2,2,BOT,C,5.82
24.07.2020,4,Pre-treatment,2020,Control,2-2BOTH,2,2,BOT,A,4.64
24.07.2020,4,Pre-treatment,2020,Control,2-2TOPH,2,2,TOP,A,4.22
24.07.2020,4,Pre-treatment,2020,Sugar,2-3BOTC,2,3,BOT,C,5.27
24.07.2020,4,Pre-treatment,2020,Sugar,2-3BOTH,2,3,BOT,A,4.92
24.07.2020,4,Pre-treatment,2020,Sugar,2-3MIDH,2,3,MID,A,4.57
24.07.2020,4,Pre-treatment,2020,Band,3-1BOTC,3,1,BOT,C,6.08
24.07.2020,4,Pre-treatment,2020,Band,3-1BOTH,3,1,BOT,A,5.22
24.07.2020,4,Pre-treatment,2020,Band,3-1TOPH,3,1,TOP,A,4.55
24.07.2020,4,Pre-treatment,2020,Sugar,3-2BOTC,3,2,BOT,C,5.83
24.07.2020,4,Pre-treatment,2020,Sugar,3-2BOTH,3,2,BOT,A,4.95
24.07.2020,4,Pre-treatment,2020,Sugar,3-2MIDC,3,2,MID,C,5.72
24.07.2020,4,Pre-treatment,2020,Sugar,3-2MIDH,3,2,MID,A,4.38
24.07.2020,4,Pre-treatment,2020,Sugar,3-2TOPH,3,2,TOP,A,4.31
24.07.2020,4,Pre-treatment,2020,Control,3-3BOTC,3,3,BOT,C,5.36
24.07.2020,4,Pre-treatment,2020,Control,3-3BOTH,3,3,BOT,A,4.79
24.07.2020,4,Pre-treatment,2020,Control,3-3MIDH,3,3,MID,A,4.03
24.07.2020,4,Pre-treatment,2020,Control,3-3TOPH,3,3,TOP,A,4.06
06.08.2020,6,Pre-treatment,2020,Control,1-1BOTC,1,1,BOT,C,5.8
06.08.2020,6,Pre-treatment,2020,Control,1-1BOTH,1,1,BOT,A,4.55
06.08.2020,6,Pre-treatment,2020,Control,1-1MIDH,1,1,MID,A,5.28
06.08.2020,6,Pre-treatment,2020,Control,1-1TOPH,1,1,TOP,A,4.05
06.08.2020,6,Pre-treatment,2020,Sugar,1-2BOTC,1,2,BOT,C,4.97
06.08.2020,6,Pre-treatment,2020,Sugar,1-2BOTH,1,2,BOT,A,4.6
06.08.2020,6,Pre-treatment,2020,Sugar,1-2TOPH,1,2,TOP,A,4.01
06.08.2020,6,Pre-treatment,2020,Band,1-3BOTC,1,3,BOT,C,5.2
06.08.2020,6,Pre-treatment,2020,Band,1-3MIDC,1,3,MID,C,5.75
06.08.2020,6,Pre-treatment,2020,Band,1-3MIDH,1,3,MID,A,4.63
06.08.2020,6,Pre-treatment,2020,Band,1-3TOPH,1,3,TOP,A,4.45
06.08.2020,6,Pre-treatment,2020,Band,2-1BOTC,2,1,BOT,C,5.89
06.08.2020,6,Pre-treatment,2020,Band,2-1BOTH,2,1,BOT,A,5.12
06.08.2020,6,Pre-treatment,2020,Control,2-2BOTC,2,2,BOT,C,5.83
06.08.2020,6,Pre-treatment,2020,Control,2-2BOTH,2,2,BOT,A,4.57
06.08.2020,6,Pre-treatment,2020,Control,2-2MIDC,2,2,MID,C,5.57
06.08.2020,6,Pre-treatment,2020,Control,2-2TOPH,2,2,TOP,A,4.24
06.08.2020,6,Pre-treatment,2020,Sugar,2-3BOTC,2,3,BOT,C,5.44
06.08.2020,6,Pre-treatment,2020,Sugar,2-3BOTH,2,3,BOT,A,5.01
06.08.2020,6,Pre-treatment,2020,Sugar,2-3MIDC,2,3,MID,C,5.42
06.08.2020,6,Pre-treatment,2020,Sugar,2-3MIDH,2,3,MID,A,4.89
06.08.2020,6,Pre-treatment,2020,Band,3-1BOTC,3,1,BOT,C,5.49
06.08.2020,6,Pre-treatment,2020,Band,3-1BOTH,3,1,BOT,A,4.63
06.08.2020,6,Pre-treatment,2020,Band,3-1TOPH,3,1,TOP,A,4.28
06.08.2020,6,Pre-treatment,2020,Sugar,3-2BOTC,3,2,BOT,C,5.79
06.08.2020,6,Pre-treatment,2020,Sugar,3-2BOTH,3,2,BOT,A,5.34
06.08.2020,6,Pre-treatment,2020,Sugar,3-2MIDC,3,2,MID,C,5.63
06.08.2020,6,Pre-treatment,2020,Sugar,3-2MIDH,3,2,MID,A,4.37
06.08.2020,6,Pre-treatment,2020,Sugar,3-2TOPH,3,2,TOP,A,4.22
06.08.2020,6,Pre-treatment,2020,Control,3-3BOTC,3,3,BOT,C,5.36
06.08.2020,6,Pre-treatment,2020,Control,3-3BOTH,3,3,BOT,A,5.05
06.08.2020,6,Pre-treatment,2020,Control,3-3MIDH,3,3,MID,A,3.88
06.08.2020,6,Pre-treatment,2020,Control,3-3TOPH,3,3,TOP,A,4.24
09.08.2020,7,Pre-treatment,2020,Control,1-1BOTH,1,1,BOT,A,4.83
09.08.2020,7,Pre-treatment,2020,Control,1-1MIDH,1,1,MID,A,5.56
09.08.2020,7,Pre-treatment,2020,Sugar,1-2BOTC,1,2,BOT,C,4.82
09.08.2020,7,Pre-treatment,2020,Sugar,1-2BOTH,1,2,BOT,A,4.46
09.08.2020,7,Pre-treatment,2020,Sugar,1-2TOPH,1,2,TOP,A,4.12
09.08.2020,7,Pre-treatment,2020,Band,1-3BOTC,1,3,BOT,C,5.36
09.08.2020,7,Pre-treatment,2020,Band,1-3BOTH,1,3,BOT,A,5.51
09.08.2020,7,Pre-treatment,2020,Band,1-3MIDH,1,3,MID,A,4.57
09.08.2020,7,Pre-treatment,2020,Band,2-1BOTC,2,1,BOT,C,5.65
09.08.2020,7,Pre-treatment,2020,Band,2-1BOTH,2,1,BOT,A,4.92
09.08.2020,7,Pre-treatment,2020,Control,2-2BOTC,2,2,BOT,C,5.72
09.08.2020,7,Pre-treatment,2020,Control,2-2BOTH,2,2,BOT,A,4.57
09.08.2020,7,Pre-treatment,2020,Sugar,2-3BOTC,2,3,BOT,C,5.19
09.08.2020,7,Pre-treatment,2020,Sugar,2-3BOTH,2,3,BOT,A,5.11
09.08.2020,7,Pre-treatment,2020,Band,3-1BOTC,3,1,BOT,C,5.4
09.08.2020,7,Pre-treatment,2020,Band,3-1BOTH,3,1,BOT,A,4.77
09.08.2020,7,Pre-treatment,2020,Sugar,3-2BOTC,3,2,BOT,C,5.8
09.08.2020,7,Pre-treatment,2020,Sugar,3-2BOTH,3,2,BOT,A,4.9
09.08.2020,7,Pre-treatment,2020,Control,3-3BOTC,3,3,BOT,C,5.61
09.08.2020,7,Pre-treatment,2020,Control,3-3BOTH,3,3,BOT,A,4.79
09.08.2020,7,Pre-treatment,2020,Control,3-3MIDH,3,3,MID,A,4.12
09.08.2020,7,Pre-treatment,2020,Control,3-3TOPH,3,3,TOP,A,4.09
20.08.2020,8,Pre-treatment,2020,Control,1-1MIDC,1,1,MID,C,5.91
20.08.2020,8,Pre-treatment,2020,Control,1-1MIDH,1,1,MID,A,5.15
20.08.2020,8,Pre-treatment,2020,Sugar,1-2BOTC,1,2,BOT,C,4.55
20.08.2020,8,Pre-treatment,2020,Sugar,1-2BOTH,1,2,BOT,A,4.43
20.08.2020,8,Pre-treatment,2020,Band,1-3BOTC,1,3,BOT,C,4.92
20.08.2020,8,Pre-treatment,2020,Band,1-3BOTH,1,3,BOT,A,4.61
20.08.2020,8,Pre-treatment,2020,Band,1-3MIDC,1,3,MID,C,4.89
20.08.2020,8,Pre-treatment,2020,Band,1-3MIDH,1,3,MID,A,4.21
20.08.2020,8,Pre-treatment,2020,Band,2-1BOTC,2,1,BOT,C,5.42
20.08.2020,8,Pre-treatment,2020,Band,2-1BOTH,2,1,BOT,A,4.79
20.08.2020,8,Pre-treatment,2020,Band,2-1MIDH,2,1,MID,A,4.46
20.08.2020,8,Pre-treatment,2020,Control,2-2BOTC,2,2,BOT,C,5.66
20.08.2020,8,Pre-treatment,2020,Control,2-2BOTH,2,2,BOT,A,4.5
20.08.2020,8,Pre-treatment,2020,Control,2-2MIDC,2,2,MID,C,5.33
20.08.2020,8,Pre-treatment,2020,Sugar,2-3BOTC,2,3,BOT,C,5.07
20.08.2020,8,Pre-treatment,2020,Sugar,2-3BOTH,2,3,BOT,A,4.78
20.08.2020,8,Pre-treatment,2020,Band,3-1BOTC,3,1,BOT,C,5.24
20.08.2020,8,Pre-treatment,2020,Band,3-1BOTH,3,1,BOT,A,4.46
20.08.2020,8,Pre-treatment,2020,Sugar,3-2BOTC,3,2,BOT,C,5.76
20.08.2020,8,Pre-treatment,2020,Sugar,3-2BOTH,3,2,BOT,A,4.97
20.08.2020,8,Pre-treatment,2020,Sugar,3-2MIDC,3,2,MID,C,5.57
20.08.2020,8,Pre-treatment,2020,Sugar,3-2MIDH,3,2,MID,A,4.6
20.08.2020,8,Pre-treatment,2020,Control,3-3BOTC,3,3,BOT,C,5.49
20.08.2020,8,Pre-treatment,2020,Control,3-3BOTH,3,3,BOT,A,4.96
20.08.2020,8,Pre-treatment,2020,Control,3-3MIDH,3,3,MID,A,4.5
21.09.2020,9,Pre-treatment,2020,Control,1-1BOTC,1,1,BOT,C,5.04
21.09.2020,9,Pre-treatment,2020,Control,1-1BOTH,1,1,BOT,A,4.49
21.09.2020,9,Pre-treatment,2020,Control,1-1MIDC,1,1,MID,C,5.55
21.09.2020,9,Pre-treatment,2020,Control,1-1MIDH,1,1,MID,A,5.04
21.09.2020,9,Pre-treatment,2020,Control,1-1TOPH,1,1,TOP,A,4.43
21.09.2020,9,Pre-treatment,2020,Sugar,1-2BOTC,1,2,BOT,C,4.83
21.09.2020,9,Pre-treatment,2020,Sugar,1-2BOTH,1,2,BOT,A,4.47
21.09.2020,9,Pre-treatment,2020,Sugar,1-2TOPH,1,2,TOP,A,3.87
21.09.2020,9,Pre-treatment,2020,Band,1-3BOTC,1,3,BOT,C,4.87
21.09.2020,9,Pre-treatment,2020,Band,1-3BOTH,1,3,BOT,A,4.72
21.09.2020,9,Pre-treatment,2020,Band,1-3MIDH,1,3,MID,A,4.56
21.09.2020,9,Pre-treatment,2020,Band,1-3TOPH,1,3,TOP,A,4.52
21.09.2020,9,Pre-treatment,2020,Band,2-1BOTC,2,1,BOT,C,4.81
21.09.2020,9,Pre-treatment,2020,Band,2-1BOTH,2,1,BOT,A,4.59
21.09.2020,9,Pre-treatment,2020,Band,2-1MIDH,2,1,MID,A,4.33
21.09.2020,9,Pre-treatment,2020,Control,2-2BOTC,2,2,BOT,C,5.74
21.09.2020,9,Pre-treatment,2020,Control,2-2BOTH,2,2,BOT,A,4.44
21.09.2020,9,Pre-treatment,2020,Control,2-2MIDH,2,2,MID,A,4.93
21.09.2020,9,Pre-treatment,2020,Control,2-2TOPH,2,2,TOP,A,4.34
21.09.2020,9,Pre-treatment,2020,Sugar,2-3BOTC,2,3,BOT,C,5.19
21.09.2020,9,Pre-treatment,2020,Sugar,2-3BOTH,2,3,BOT,A,4.84
21.09.2020,9,Pre-treatment,2020,Sugar,2-3TOPH,2,3,TOP,A,4.51
21.09.2020,9,Pre-treatment,2020,Band,3-1BOTC,3,1,BOT,C,5.37
21.09.2020,9,Pre-treatment,2020,Band,3-1BOTH,3,1,BOT,A,4.58
21.09.2020,9,Pre-treatment,2020,Band,3-1TOPH,3,1,TOP,A,4.32
21.09.2020,9,Pre-treatment,2020,Sugar,3-2BOTC,3,2,BOT,C,5.84
21.09.2020,9,Pre-treatment,2020,Sugar,3-2BOTH,3,2,BOT,A,4.93
21.09.2020,9,Pre-treatment,2020,Sugar,3-2MIDC,3,2,MID,C,5.59
21.09.2020,9,Pre-treatment,2020,Sugar,3-2MIDH,3,2,MID,A,4.37
21.09.2020,9,Pre-treatment,2020,Sugar,3-2TOPH,3,2,TOP,A,4.14
21.09.2020,9,Pre-treatment,2020,Control,3-3BOTC,3,3,BOT,C,5.37
21.09.2020,9,Pre-treatment,2020,Control,3-3BOTH,3,3,BOT,A,4.84
21.09.2020,9,Pre-treatment,2020,Control,3-3MIDH,3,3,MID,A,4.17
21.09.2020,9,Pre-treatment,2020,Control,3-3TOPH,3,3,TOP,A,4.1
22.10.2020,10,Pre-treatment,2020,Control,1-1BOTC,1,1,BOT,C,4.98
22.10.2020,10,Pre-treatment,2020,Control,1-1BOTH,1,1,BOT,A,4.39
22.10.2020,10,Pre-treatment,2020,Control,1-1MIDC,1,1,MID,C,5.63
22.10.2020,10,Pre-treatment,2020,Control,1-1MIDH,1,1,MID,A,5.19
22.10.2020,10,Pre-treatment,2020,Sugar,1-2BOTC,1,2,BOT,C,4.93
22.10.2020,10,Pre-treatment,2020,Sugar,1-2BOTH,1,2,BOT,A,4.46
22.10.2020,10,Pre-treatment,2020,Band,1-3BOTC,1,3,BOT,C,4.86
22.10.2020,10,Pre-treatment,2020,Band,1-3BOTH,1,3,BOT,A,4.5
22.10.2020,10,Pre-treatment,2020,Band,2-1BOTC,2,1,BOT,C,5.53
22.10.2020,10,Pre-treatment,2020,Band,2-1BOTH,2,1,BOT,A,4.57
22.10.2020,10,Pre-treatment,2020,Band,2-1MIDC,2,1,MID,C,4.66
22.10.2020,10,Pre-treatment,2020,Band,2-1MIDH,2,1,MID,A,4.12
22.10.2020,10,Pre-treatment,2020,Control,2-2BOTC,2,2,BOT,C,5.66
22.10.2020,10,Pre-treatment,2020,Control,2-2BOTH,2,2,BOT,A,4.58
22.10.2020,10,Pre-treatment,2020,Sugar,2-3BOTC,2,3,BOT,C,4.94
22.10.2020,10,Pre-treatment,2020,Sugar,2-3BOTH,2,3,BOT,A,4.44
22.10.2020,10,Pre-treatment,2020,Band,3-1BOTC,3,1,BOT,C,5.38
22.10.2020,10,Pre-treatment,2020,Band,3-1BOTH,3,1,BOT,A,4.28
22.10.2020,10,Pre-treatment,2020,Band,3-1MIDH,3,1,MID,A,4.43
22.10.2020,10,Pre-treatment,2020,Sugar,3-2BOTC,3,2,BOT,C,5.85
22.10.2020,10,Pre-treatment,2020,Sugar,3-2BOTH,3,2,BOT,A,4.97
22.10.2020,10,Pre-treatment,2020,Sugar,3-2MIDH,3,2,MID,A,4.33
22.10.2020,10,Pre-treatment,2020,Control,3-3BOTC,3,3,BOT,C,5.53
22.10.2020,10,Pre-treatment,2020,Control,3-3BOTH,3,3,BOT,A,4.96
22.10.2020,10,Pre-treatment,2020,Control,3-3MIDH,3,3,MID,A,4.98
21.05.2021,1,Pre-treatment,2021,Control,1-1BOTC,1,1,BOT,C,5.36
21.05.2021,1,Pre-treatment,2021,Control,1-1BOTH,1,1,BOT,A,4.88
21.05.2021,1,Pre-treatment,2021,Control,1-1MIDC,1,1,MID,C,5.67
21.05.2021,1,Pre-treatment,2021,Control,1-1MIDH,1,1,MID,A,5.27
21.05.2021,1,Pre-treatment,2021,Control,1-1TOPH,1,1,TOP,A,5.15
21.05.2021,1,Pre-treatment,2021,Sugar,1-2BOTC,1,2,BOT,C,5.1
21.05.2021,1,Pre-treatment,2021,Sugar,1-2BOTH,1,2,BOT,A,4.91
21.05.2021,1,Pre-treatment,2021,Sugar,1-2TOPH,1,2,TOP,A,4.03
21.05.2021,1,Pre-treatment,2021,Band,1-3BOTC,1,3,BOT,C,5.13
21.05.2021,1,Pre-treatment,2021,Band,1-3BOTH,1,3,BOT,A,4.88
21.05.2021,1,Pre-treatment,2021,Band,1-3MIDH,1,3,MID,A,4.87
21.05.2021,1,Pre-treatment,2021,Band,1-3TOPH,1,3,TOP,A,4.87
21.05.2021,1,Pre-treatment,2021,Band,2-1BOTC,2,1,BOT,C,5.53
21.05.2021,1,Pre-treatment,2021,Band,2-1BOTH,2,1,BOT,A,5.06
21.05.2021,1,Pre-treatment,2021,Band,2-1MIDC,2,1,MID,C,5.39
21.05.2021,1,Pre-treatment,2021,Band,2-1MIDH,2,1,MID,A,4.42
21.05.2021,1,Pre-treatment,2021,Band,2-1TOPH,2,1,TOP,A,4.43
21.05.2021,1,Pre-treatment,2021,Control,2-2BOTC,2,2,BOT,C,5.84
21.05.2021,1,Pre-treatment,2021,Control,2-2MIDH,2,2,MID,A,4.72
21.05.2021,1,Pre-treatment,2021,Control,2-2TOPH,2,2,TOP,A,4.78
21.05.2021,1,Pre-treatment,2021,Sugar,2-3BOTC,2,3,BOT,C,5.32
21.05.2021,1,Pre-treatment,2021,Sugar,2-3BOTH,2,3,BOT,A,4.97
21.05.2021,1,Pre-treatment,2021,Sugar,2-3MIDC,2,3,MID,C,5.43
21.05.2021,1,Pre-treatment,2021,Sugar,2-3MIDH,2,3,MID,A,5.44
21.05.2021,1,Pre-treatment,2021,Sugar,2-3TOPH,2,3,TOP,A,5.21
21.05.2021,1,Pre-treatment,2021,Band,3-1BOTC,3,1,BOT,C,5.36
21.05.2021,1,Pre-treatment,2021,Band,3-1BOTH,3,1,BOT,A,5.49
21.05.2021,1,Pre-treatment,2021,Band,3-1MIDH,3,1,MID,A,4.72
21.05.2021,1,Pre-treatment,2021,Band,3-1TOPH,3,1,TOP,A,4.91
21.05.2021,1,Pre-treatment,2021,Sugar,3-2BOTC,3,2,BOT,C,5.75
21.05.2021,1,Pre-treatment,2021,Sugar,3-2BOTH,3,2,BOT,A,5.17
21.05.2021,1,Pre-treatment,2021,Sugar,3-2MIDC,3,2,MID,C,5.59
21.05.2021,1,Pre-treatment,2021,Sugar,3-2MIDH,3,2,MID,A,4.73
21.05.2021,1,Pre-treatment,2021,Sugar,3-2TOPH,3,2,TOP,A,4.8
21.05.2021,1,Pre-treatment,2021,Control,3-3BOTC,3,3,BOT,C,5.3
21.05.2021,1,Pre-treatment,2021,Control,3-3BOTH,3,3,BOT,A,5.4
21.05.2021,1,Pre-treatment,2021,Control,3-3MIDC,3,3,MID,C,5.69
21.05.2021,1,Pre-treatment,2021,Control,3-3MIDH,3,3,MID,A,5.3
21.05.2021,1,Pre-treatment,2021,Control,3-3TOPH,3,3,TOP,A,4.68
27.05.2021,2,Pre-treatment,2021,Control,1-1BOTC,1,1,BOT,C,4.57
27.05.2021,2,Pre-treatment,2021,Control,1-1BOTH,1,1,BOT,A,5.02
27.05.2021,2,Pre-treatment,2021,Control,1-1MIDH,1,1,MID,A,5.03
27.05.2021,2,Pre-treatment,2021,Control,1-1TOPH,1,1,TOP,A,4.42
27.05.2021,2,Pre-treatment,2021,Sugar,1-2BOTC,1,2,BOT,C,4.78
27.05.2021,2,Pre-treatment,2021,Sugar,1-2BOTH,1,2,BOT,A,4.6
27.05.2021,2,Pre-treatment,2021,Sugar,1-2MIDC,1,2,MID,C,4.73
27.05.2021,2,Pre-treatment,2021,Sugar,1-2MIDH,1,2,MID,A,4.25
27.05.2021,2,Pre-treatment,2021,Sugar,1-2TOPH,1,2,TOP,A,3.75
27.05.2021,2,Pre-treatment,2021,Band,1-3BOTC,1,3,BOT,C,4.76
27.05.2021,2,Pre-treatment,2021,Band,1-3BOTH,1,3,BOT,A,4.52
27.05.2021,2,Pre-treatment,2021,Band,1-3MIDC,1,3,MID,C,4.87
27.05.2021,2,Pre-treatment,2021,Band,1-3MIDH,1,3,MID,A,4.46
27.05.2021,2,Pre-treatment,2021,Band,1-3TOPH,1,3,TOP,A,4.43
27.05.2021,2,Pre-treatment,2021,Band,2-1BOTC,2,1,BOT,C,5.33
27.05.2021,2,Pre-treatment,2021,Band,2-1BOTH,2,1,BOT,A,4.64
27.05.2021,2,Pre-treatment,2021,Band,2-1MIDH,2,1,MID,A,4.1
27.05.2021,2,Pre-treatment,2021,Band,2-1TOPH,2,1,TOP,A,3.96
27.05.2021,2,Pre-treatment,2021,Control,2-2BOTC,2,2,BOT,C,5.69
27.05.2021,2,Pre-treatment,2021,Control,2-2BOTH,2,2,BOT,A,4.55
27.05.2021,2,Pre-treatment,2021,Control,2-2MIDC,2,2,MID,C,5.34
27.05.2021,2,Pre-treatment,2021,Control,2-2MIDH,2,2,MID,A,4.55
27.05.2021,2,Pre-treatment,2021,Control,2-2TOPH,2,2,TOP,A,4.41
27.05.2021,2,Pre-treatment,2021,Sugar,2-3BOTC,2,3,BOT,C,5.15
27.05.2021,2,Pre-treatment,2021,Sugar,2-3BOTH,2,3,BOT,A,4.72
27.05.2021,2,Pre-treatment,2021,Sugar,2-3MIDC,2,3,MID,C,5.25
27.05.2021,2,Pre-treatment,2021,Sugar,2-3MIDH,2,3,MID,A,4.65
27.05.2021,2,Pre-treatment,2021,Sugar,2-3TOPH,2,3,TOP,A,4.56
27.05.2021,2,Pre-treatment,2021,Band,3-1BOTC,3,1,BOT,C,5.35
27.05.2021,2,Pre-treatment,2021,Band,3-1BOTH,3,1,BOT,A,5.03
27.05.2021,2,Pre-treatment,2021,Band,3-1MIDH,3,1,MID,A,4.58
27.05.2021,2,Pre-treatment,2021,Band,3-1TOPH,3,1,TOP,A,4.46
27.05.2021,2,Pre-treatment,2021,Sugar,3-2BOTC,3,2,BOT,C,5.53
27.05.2021,2,Pre-treatment,2021,Sugar,3-2BOTH,3,2,BOT,A,5.15
27.05.2021,2,Pre-treatment,2021,Sugar,3-2MIDC,3,2,MID,C,5.34
27.05.2021,2,Pre-treatment,2021,Sugar,3-2MIDH,3,2,MID,A,4.49
27.05.2021,2,Pre-treatment,2021,Sugar,3-2TOPH,3,2,TOP,A,4.29
27.05.2021,2,Pre-treatment,2021,Control,3-3BOTC,3,3,BOT,C,5.2
27.05.2021,2,Pre-treatment,2021,Control,3-3BOTH,3,3,BOT,A,5.02
27.05.2021,2,Pre-treatment,2021,Control,3-3MIDC,3,3,MID,C,5.51
27.05.2021,2,Pre-treatment,2021,Control,3-3MIDH,3,3,MID,A,4.17
27.05.2021,2,Pre-treatment,2021,Control,3-3TOPH,3,3,TOP,A,4.35
01.06.2021,3,Treatment,2021,Control,1-1BOTC,1,1,BOT,C,5.16
01.06.2021,3,Treatment,2021,Control,1-1BOTH,1,1,BOT,A,4.79
01.06.2021,3,Treatment,2021,Control,1-1MIDC,1,1,MID,C,5.69
01.06.2021,3,Treatment,2021,Control,1-1MIDH,1,1,MID,A,5.43
01.06.2021,3,Treatment,2021,Control,1-1TOPH,1,1,TOP,A,5.22
01.06.2021,3,Treatment,2021,Sugar,1-2BOTC,1,2,BOT,C,4.71
01.06.2021,3,Treatment,2021,Sugar,1-2BOTH,1,2,BOT,A,4.91
01.06.2021,3,Treatment,2021,Sugar,1-2MIDC,1,2,MID,C,4.61
01.06.2021,3,Treatment,2021,Sugar,1-2MIDH,1,2,MID,A,5.06
01.06.2021,3,Treatment,2021,Sugar,1-2TOPH,1,2,TOP,A,4.19
01.06.2021,3,Treatment,2021,Band,1-3BOTC,1,3,BOT,C,5.13
01.06.2021,3,Treatment,2021,Band,1-3BOTH,1,3,BOT,A,4.75
01.06.2021,3,Treatment,2021,Band,1-3MIDH,1,3,MID,A,4.7
01.06.2021,3,Treatment,2021,Band,1-3TOPH,1,3,TOP,A,4.99
01.06.2021,3,Treatment,2021,Band,2-1MIDC,2,1,MID,C,5.06
01.06.2021,3,Treatment,2021,Band,2-1MIDH,2,1,MID,A,4.31
01.06.2021,3,Treatment,2021,Band,2-1TOPH,2,1,TOP,A,4.09
01.06.2021,3,Treatment,2021,Control,2-2TOPH,2,2,TOP,A,4.66
01.06.2021,3,Treatment,2021,Sugar,2-3BOTH,2,3,BOT,A,4.88
01.06.2021,3,Treatment,2021,Sugar,2-3MIDC,2,3,MID,C,5.55
01.06.2021,3,Treatment,2021,Sugar,2-3MIDH,2,3,MID,A,4.71
01.06.2021,3,Treatment,2021,Sugar,2-3TOPH,2,3,TOP,A,4.62
01.06.2021,3,Treatment,2021,Band,3-1BOTC,3,1,BOT,C,5.26
01.06.2021,3,Treatment,2021,Band,3-1BOTH,3,1,BOT,A,4.45
01.06.2021,3,Treatment,2021,Band,3-1MIDH,3,1,MID,A,4.69
01.06.2021,3,Treatment,2021,Band,3-1TOPH,3,1,TOP,A,4.56
01.06.2021,3,Treatment,2021,Sugar,3-2BOTC,3,2,BOT,C,5.81
01.06.2021,3,Treatment,2021,Sugar,3-2BOTH,3,2,BOT,A,5.56
01.06.2021,3,Treatment,2021,Sugar,3-2MIDC,3,2,MID,C,5.53
01.06.2021,3,Treatment,2021,Sugar,3-2TOPH,3,2,TOP,A,4.44
01.06.2021,3,Treatment,2021,Control,3-3BOTC,3,3,BOT,C,5.48
01.06.2021,3,Treatment,2021,Control,3-3BOTH,3,3,BOT,A,4.96
01.06.2021,3,Treatment,2021,Control,3-3MIDC,3,3,MID,C,5.51
01.06.2021,3,Treatment,2021,Control,3-3TOPH,3,3,TOP,A,4.43
27.06.2021,4,Treatment,2021,Control,1-1BOTC,1,1,BOT,C,5.31
27.06.2021,4,Treatment,2021,Control,1-1BOTH,1,1,BOT,A,4.79
27.06.2021,4,Treatment,2021,Control,1-1MIDC,1,1,MID,C,6.53
27.06.2021,4,Treatment,2021,Control,1-1MIDH,1,1,MID,A,5.78
27.06.2021,4,Treatment,2021,Sugar,1-2BOTH,1,2,BOT,A,4.67
27.06.2021,4,Treatment,2021,Sugar,1-2TOPH,1,2,TOP,A,4.51
27.06.2021,4,Treatment,2021,Band,1-3BOTH,1,3,BOT,A,4.71
27.06.2021,4,Treatment,2021,Band,1-3MIDC,1,3,MID,C,5.53
27.06.2021,4,Treatment,2021,Band,1-3MIDH,1,3,MID,A,4.82
27.06.2021,4,Treatment,2021,Band,1-3TOPH,1,3,TOP,A,5.12
27.06.2021,4,Treatment,2021,Band,2-1BOTC,2,1,BOT,C,5.86
27.06.2021,4,Treatment,2021,Band,2-1BOTH,2,1,BOT,A,4.47
27.06.2021,4,Treatment,2021,Band,2-1MIDC,2,1,MID,C,5.23
27.06.2021,4,Treatment,2021,Band,2-1MIDH,2,1,MID,A,4.56
27.06.2021,4,Treatment,2021,Control,2-2BOTC,2,2,BOT,C,5.92
27.06.2021,4,Treatment,2021,Control,2-2BOTH,2,2,BOT,A,4.45
27.06.2021,4,Treatment,2021,Control,2-2TOPH,2,2,TOP,A,5.52
27.06.2021,4,Treatment,2021,Sugar,2-3TOPH,2,3,TOP,A,6.03
27.06.2021,4,Treatment,2021,Band,3-1BOTC,3,1,BOT,C,5.29
27.06.2021,4,Treatment,2021,Band,3-1BOTH,3,1,BOT,A,4.69
27.06.2021,4,Treatment,2021,Sugar,3-2BOTC,3,2,BOT,C,5.99
27.06.2021,4,Treatment,2021,Sugar,3-2BOTH,3,2,BOT,A,5.02
27.06.2021,4,Treatment,2021,Sugar,3-2MIDC,3,2,MID,C,5.56
27.06.2021,4,Treatment,2021,Sugar,3-2TOPH,3,2,TOP,A,4.21
27.06.2021,4,Treatment,2021,Control,3-3BOTC,3,3,BOT,C,5.47
27.06.2021,4,Treatment,2021,Control,3-3BOTH,3,3,BOT,A,4.92
27.06.2021,4,Treatment,2021,Control,3-3MIDH,3,3,MID,A,4.27
21.07.2021,5,Treatment,2021,Control,1-1BOTC,1,1,BOT,C,5.13
21.07.2021,5,Treatment,2021,Control,1-1BOTH,1,1,BOT,A,5
21.07.2021,5,Treatment,2021,Control,1-1MIDH,1,1,MID,A,4.95
21.07.2021,5,Treatment,2021,Sugar,1-2BOTH,1,2,BOT,A,4.31
21.07.2021,5,Treatment,2021,Sugar,1-2MIDH,1,2,MID,A,4.16
21.07.2021,5,Treatment,2021,Sugar,1-2TOPH,1,2,TOP,A,3.82
21.07.2021,5,Treatment,2021,Band,1-3BOTC,1,3,BOT,C,5.52
21.07.2021,5,Treatment,2021,Band,1-3BOTH,1,3,BOT,A,5.36
21.07.2021,5,Treatment,2021,Band,1-3TOPH,1,3,TOP,A,6.17
21.07.2021,5,Treatment,2021,Band,2-1BOTC,2,1,BOT,C,5.87
21.07.2021,5,Treatment,2021,Band,2-1BOTH,2,1,BOT,A,4.68
21.07.2021,5,Treatment,2021,Sugar,2-3BOTC,2,3,BOT,C,4.86
21.07.2021,5,Treatment,2021,Sugar,2-3BOTH,2,3,BOT,A,4.97
21.07.2021,5,Treatment,2021,Sugar,2-3TOPH,2,3,TOP,A,5.76
21.07.2021,5,Treatment,2021,Band,3-1BOTC,3,1,BOT,C,5.2
21.07.2021,5,Treatment,2021,Band,3-1BOTH,3,1,BOT,A,4.07
21.07.2021,5,Treatment,2021,Sugar,3-2BOTC,3,2,BOT,C,5.78
21.07.2021,5,Treatment,2021,Sugar,3-2BOTH,3,2,BOT,A,4.77
21.07.2021,5,Treatment,2021,Control,3-3BOTC,3,3,BOT,C,5.36
21.07.2021,5,Treatment,2021,Control,3-3BOTH,3,3,BOT,A,4.77
21.07.2021,5,Treatment,2021,Control,3-3MIDH,3,3,MID,A,4.12
21.07.2021,5,Treatment,2021,Control,3-3TOPH,3,3,TOP,A,4.48
31.07.2021,6,Treatment,2021,Control,1-1BOTC,1,1,BOT,C,5.69
31.07.2021,6,Treatment,2021,Control,1-1BOTH,1,1,BOT,A,5.81
31.07.2021,6,Treatment,2021,Control,1-1MIDH,1,1,MID,A,6.17
31.07.2021,6,Treatment,2021,Sugar,1-2BOTH,1,2,BOT,A,6.47
31.07.2021,6,Treatment,2021,Sugar,1-2MIDH,1,2,MID,A,3.89
31.07.2021,6,Treatment,2021,Sugar,1-2TOPH,1,2,TOP,A,4.35
31.07.2021,6,Treatment,2021,Band,1-3BOTC,1,3,BOT,C,5.7
31.07.2021,6,Treatment,2021,Band,1-3BOTH,1,3,BOT,A,6.05
31.07.2021,6,Treatment,2021,Band,1-3TOPH,1,3,TOP,A,5.93
31.07.2021,6,Treatment,2021,Band,2-1BOTC,2,1,BOT,C,5.73
31.07.2021,6,Treatment,2021,Band,2-1BOTH,2,1,BOT,A,4.14
31.07.2021,6,Treatment,2021,Sugar,2-3BOTC,2,3,BOT,C,4.86
31.07.2021,6,Treatment,2021,Sugar,2-3BOTH,2,3,BOT,A,3.36
31.07.2021,6,Treatment,2021,Sugar,2-3TOPH,2,3,TOP,A,3.66
31.07.2021,6,Treatment,2021,Band,3-1BOTC,3,1,BOT,C,5.44
31.07.2021,6,Treatment,2021,Band,3-1BOTH,3,1,BOT,A,4.2
31.07.2021,6,Treatment,2021,Sugar,3-2BOTC,3,2,BOT,C,5.89
31.07.2021,6,Treatment,2021,Sugar,3-2BOTH,3,2,BOT,A,4.91
31.07.2021,6,Treatment,2021,Control,3-3BOTC,3,3,BOT,C,5.57
31.07.2021,6,Treatment,2021,Control,3-3BOTH,3,3,BOT,A,4.99
31.07.2021,6,Treatment,2021,Control,3-3MIDH,3,3,MID,A,4.23
31.07.2021,6,Treatment,2021,Control,3-3TOPH,3,3,TOP,A,6.11
10.08.2021,7,Treatment,2021,Control,1-1BOTC,1,1,BOT,C,5.11
10.08.2021,7,Treatment,2021,Control,1-1BOTH,1,1,BOT,A,4.71
10.08.2021,7,Treatment,2021,Control,1-1MIDH,1,1,MID,A,4.05
10.08.2021,7,Treatment,2021,Control,1-1TOPH,1,1,TOP,A,4.94
10.08.2021,7,Treatment,2021,Sugar,1-2BOTC,1,2,BOT,C,4.89
10.08.2021,7,Treatment,2021,Sugar,1-2BOTH,1,2,BOT,A,4.4
10.08.2021,7,Treatment,2021,Sugar,1-2MIDH,1,2,MID,A,4.28
10.08.2021,7,Treatment,2021,Sugar,1-2TOPH,1,2,TOP,A,4.09
10.08.2021,7,Treatment,2021,Band,1-3BOTC,1,3,BOT,C,5.15
10.08.2021,7,Treatment,2021,Band,1-3BOTH,1,3,BOT,A,4.88
10.08.2021,7,Treatment,2021,Band,1-3MIDH,1,3,MID,A,4.99
10.08.2021,7,Treatment,2021,Band,1-3TOPH,1,3,TOP,A,4.92
10.08.2021,7,Treatment,2021,Band,2-1BOTH,2,1,BOT,A,4.87
10.08.2021,7,Treatment,2021,Band,2-1MIDH,2,1,MID,A,4.3
10.08.2021,7,Treatment,2021,Band,2-1TOPH,2,1,TOP,A,5.67
10.08.2021,7,Treatment,2021,Control,2-2BOTC,2,2,BOT,C,6.17
10.08.2021,7,Treatment,2021,Control,2-2BOTH,2,2,BOT,A,4.43
10.08.2021,7,Treatment,2021,Control,2-2TOPH,2,2,TOP,A,5.25
10.08.2021,7,Treatment,2021,Sugar,2-3BOTC,2,3,BOT,C,5.23
10.08.2021,7,Treatment,2021,Sugar,2-3BOTH,2,3,BOT,A,3.76
10.08.2021,7,Treatment,2021,Sugar,2-3TOPH,2,3,TOP,A,5.27
10.08.2021,7,Treatment,2021,Band,3-1BOTC,3,1,BOT,C,5.3
10.08.2021,7,Treatment,2021,Band,3-1BOTH,3,1,BOT,A,4.1
10.08.2021,7,Treatment,2021,Band,3-1MIDH,3,1,MID,A,3.95
10.08.2021,7,Treatment,2021,Band,3-1TOPH,3,1,TOP,A,4.2
10.08.2021,7,Treatment,2021,Sugar,3-2BOTC,3,2,BOT,C,5.9
10.08.2021,7,Treatment,2021,Sugar,3-2BOTH,3,2,BOT,A,5.57
10.08.2021,7,Treatment,2021,Sugar,3-2MIDH,3,2,MID,A,3.45
10.08.2021,7,Treatment,2021,Sugar,3-2TOPH,3,2,TOP,A,3.81
10.08.2021,7,Treatment,2021,Control,3-3BOTC,3,3,BOT,C,5.5
10.08.2021,7,Treatment,2021,Control,3-3BOTH,3,3,BOT,A,4.71
10.08.2021,7,Treatment,2021,Control,3-3MIDH,3,3,MID,A,4.13
10.08.2021,7,Treatment,2021,Control,3-3TOPH,3,3,TOP,A,4.5
31.08.2021,8,Treatment,2021,Control,1-1BOTC,1,1,BOT,C,5.19
31.08.2021,8,Treatment,2021,Control,1-1BOTH,1,1,BOT,A,4.53
31.08.2021,8,Treatment,2021,Control,1-1MIDH,1,1,MID,A,4.08
31.08.2021,8,Treatment,2021,Control,1-1TOPH,1,1,TOP,A,5.16
31.08.2021,8,Treatment,2021,Sugar,1-2BOTC,1,2,BOT,C,4.8
31.08.2021,8,Treatment,2021,Sugar,1-2BOTH,1,2,BOT,A,4.49
31.08.2021,8,Treatment,2021,Sugar,1-2MIDH,1,2,MID,A,4.31
31.08.2021,8,Treatment,2021,Sugar,1-2TOPH,1,2,TOP,A,4.5
31.08.2021,8,Treatment,2021,Band,1-3BOTC,1,3,BOT,C,5.23
31.08.2021,8,Treatment,2021,Band,1-3BOTH,1,3,BOT,A,4.92
31.08.2021,8,Treatment,2021,Band,1-3MIDC,1,3,MID,C,5.6
31.08.2021,8,Treatment,2021,Band,1-3MIDH,1,3,MID,A,4.63
31.08.2021,8,Treatment,2021,Band,1-3TOPH,1,3,TOP,A,6.41
31.08.2021,8,Treatment,2021,Band,2-1BOTC,2,1,BOT,C,5.75
31.08.2021,8,Treatment,2021,Band,2-1MIDH,2,1,MID,A,4.46
31.08.2021,8,Treatment,2021,Band,2-1TOPH,2,1,TOP,A,5.58
31.08.2021,8,Treatment,2021,Control,2-2BOTH,2,2,BOT,A,4.57
31.08.2021,8,Treatment,2021,Control,2-2TOPH,2,2,TOP,A,4.65
31.08.2021,8,Treatment,2021,Sugar,2-3BOTC,2,3,BOT,C,5.1
31.08.2021,8,Treatment,2021,Sugar,2-3BOTH,2,3,BOT,A,4.63
31.08.2021,8,Treatment,2021,Sugar,2-3TOPH,2,3,TOP,A,3.83
31.08.2021,8,Treatment,2021,Band,3-1BOTC,3,1,BOT,C,5.25
31.08.2021,8,Treatment,2021,Band,3-1BOTH,3,1,BOT,A,3.76
31.08.2021,8,Treatment,2021,Band,3-1MIDH,3,1,MID,A,4.1
31.08.2021,8,Treatment,2021,Sugar,3-2BOTC,3,2,BOT,C,5.82
31.08.2021,8,Treatment,2021,Sugar,3-2BOTH,3,2,BOT,A,4.96
31.08.2021,8,Treatment,2021,Sugar,3-2MIDC,3,2,MID,C,5.78
31.08.2021,8,Treatment,2021,Sugar,3-2MIDH,3,2,MID,A,4.27
31.08.2021,8,Treatment,2021,Sugar,3-2TOPH,3,2,TOP,A,3.87
31.08.2021,8,Treatment,2021,Control,3-3BOTC,3,3,BOT,C,5.46
31.08.2021,8,Treatment,2021,Control,3-3BOTH,3,3,BOT,A,4.81
31.08.2021,8,Treatment,2021,Control,3-3MIDH,3,3,MID,A,4.25
31.08.2021,8,Treatment,2021,Control,3-3TOPH,3,3,TOP,A,4.52
09.09.2021,9,Treatment,2021,Control,1-1BOTC,1,1,BOT,C,5.54
09.09.2021,9,Treatment,2021,Control,1-1BOTH,1,1,BOT,A,4.62
09.09.2021,9,Treatment,2021,Control,1-1MIDC,1,1,MID,C,5.9
09.09.2021,9,Treatment,2021,Control,1-1TOPH,1,1,TOP,A,5.36
09.09.2021,9,Treatment,2021,Sugar,1-2BOTC,1,2,BOT,C,4.94
09.09.2021,9,Treatment,2021,Sugar,1-2BOTH,1,2,BOT,A,4.41
09.09.2021,9,Treatment,2021,Sugar,1-2MIDH,1,2,MID,A,4.29
09.09.2021,9,Treatment,2021,Sugar,1-2TOPH,1,2,TOP,A,4.65
09.09.2021,9,Treatment,2021,Band,1-3BOTC,1,3,BOT,C,5.28
09.09.2021,9,Treatment,2021,Band,1-3BOTH,1,3,BOT,A,4.95
09.09.2021,9,Treatment,2021,Band,1-3MIDC,1,3,MID,C,5.42
09.09.2021,9,Treatment,2021,Band,1-3TOPH,1,3,TOP,A,4.58
09.09.2021,9,Treatment,2021,Band,2-1BOTC,2,1,BOT,C,5.97
09.09.2021,9,Treatment,2021,Band,2-1MIDH,2,1,MID,A,4.14
09.09.2021,9,Treatment,2021,Control,2-2BOTC,2,2,BOT,C,6.04
09.09.2021,9,Treatment,2021,Control,2-2TOPH,2,2,TOP,A,4.78
09.09.2021,9,Treatment,2021,Sugar,2-3BOTC,2,3,BOT,C,5.03
09.09.2021,9,Treatment,2021,Sugar,2-3BOTH,2,3,BOT,A,4.01
09.09.2021,9,Treatment,2021,Band,3-1BOTC,3,1,BOT,C,5.38
09.09.2021,9,Treatment,2021,Band,3-1BOTH,3,1,BOT,A,3.73
09.09.2021,9,Treatment,2021,Band,3-1MIDH,3,1,MID,A,3.99
09.09.2021,9,Treatment,2021,Sugar,3-2BOTC,3,2,BOT,C,5.87
09.09.2021,9,Treatment,2021,Sugar,3-2BOTH,3,2,BOT,A,4.86
09.09.2021,9,Treatment,2021,Sugar,3-2TOPH,3,2,TOP,A,3.9
09.09.2021,9,Treatment,2021,Control,3-3BOTC,3,3,BOT,C,5.53
09.09.2021,9,Treatment,2021,Control,3-3BOTH,3,3,BOT,A,4.67
09.09.2021,9,Treatment,2021,Control,3-3MIDH,3,3,MID,A,3.88
09.09.2021,9,Treatment,2021,Control,3-3TOPH,3,3,TOP,A,4.5
29.09.2021,10,Treatment,2021,Control,1-1BOTC,1,1,BOT,C,5.37
29.09.2021,10,Treatment,2021,Control,1-1BOTH,1,1,BOT,A,4.52
29.09.2021,10,Treatment,2021,Control,1-1MIDC,1,1,MID,C,5.59
29.09.2021,10,Treatment,2021,Control,1-1MIDH,1,1,MID,A,3.86
29.09.2021,10,Treatment,2021,Control,1-1TOPH,1,1,TOP,A,4.54
29.09.2021,10,Treatment,2021,Sugar,1-2BOTC,1,2,BOT,C,4.33
29.09.2021,10,Treatment,2021,Sugar,1-2BOTH,1,2,BOT,A,4.33
29.09.2021,10,Treatment,2021,Sugar,1-2TOPH,1,2,TOP,A,4.09
29.09.2021,10,Treatment,2021,Band,1-3BOTC,1,3,BOT,C,5.16
29.09.2021,10,Treatment,2021,Band,1-3BOTH,1,3,BOT,A,4.97
29.09.2021,10,Treatment,2021,Band,1-3MIDC,1,3,MID,C,5.3
29.09.2021,10,Treatment,2021,Band,1-3MIDH,1,3,MID,A,4.58
29.09.2021,10,Treatment,2021,Band,2-1BOTC,2,1,BOT,C,5.72
29.09.2021,10,Treatment,2021,Band,2-1BOTH,2,1,BOT,A,4.43
29.09.2021,10,Treatment,2021,Band,2-1TOPH,2,1,TOP,A,5.53
29.09.2021,10,Treatment,2021,Control,2-2BOTH,2,2,BOT,A,4.38
29.09.2021,10,Treatment,2021,Control,2-2TOPH,2,2,TOP,A,4.53
29.09.2021,10,Treatment,2021,Sugar,2-3BOTC,2,3,BOT,C,5.22
29.09.2021,10,Treatment,2021,Sugar,2-3BOTH,2,3,BOT,A,4.06
29.09.2021,10,Treatment,2021,Sugar,2-3TOPH,2,3,TOP,A,3.79
29.09.2021,10,Treatment,2021,Band,3-1BOTC,3,1,BOT,C,5.13
29.09.2021,10,Treatment,2021,Band,3-1BOTH,3,1,BOT,A,3.78
29.09.2021,10,Treatment,2021,Band,3-1MIDH,3,1,MID,A,4.16
29.09.2021,10,Treatment,2021,Band,3-1TOPH,3,1,TOP,A,4.28
29.09.2021,10,Treatment,2021,Sugar,3-2BOTC,3,2,BOT,C,5.64
29.09.2021,10,Treatment,2021,Sugar,3-2BOTH,3,2,BOT,A,4.91
29.09.2021,10,Treatment,2021,Sugar,3-2MIDH,3,2,MID,A,3.85
29.09.2021,10,Treatment,2021,Sugar,3-2TOPH,3,2,TOP,A,3.95
29.09.2021,10,Treatment,2021,Control,3-3BOTC,3,3,BOT,C,5.65
29.09.2021,10,Treatment,2021,Control,3-3BOTH,3,3,BOT,A,4.85
29.09.2021,10,Treatment,2021,Control,3-3MIDH,3,3,MID,A,4.05
29.09.2021,10,Treatment,2021,Control,3-3TOPH,3,3,TOP,A,4.42
24.10.2021,11,Treatment,2021,Control,1-1BOTC,1,1,BOT,C,5.46
24.10.2021,11,Treatment,2021,Control,1-1MIDC,1,1,MID,C,5.87
24.10.2021,11,Treatment,2021,Sugar,1-2TOPH,1,2,TOP,A,4.69
24.10.2021,11,Treatment,2021,Band,1-3BOTC,1,3,BOT,C,5.24
24.10.2021,11,Treatment,2021,Band,1-3BOTH,1,3,BOT,A,5.08
24.10.2021,11,Treatment,2021,Band,1-3MIDC,1,3,MID,C,5.37
24.10.2021,11,Treatment,2021,Band,1-3MIDH,1,3,MID,A,4.91
24.10.2021,11,Treatment,2021,Band,2-1BOTC,2,1,BOT,C,5.81
24.10.2021,11,Treatment,2021,Band,2-1BOTH,2,1,BOT,A,5.2
24.10.2021,11,Treatment,2021,Band,2-1TOPH,2,1,TOP,A,5.57
24.10.2021,11,Treatment,2021,Control,2-2BOTC,2,2,BOT,C,4.14
24.10.2021,11,Treatment,2021,Band,3-1BOTH,3,1,BOT,A,5.3
24.10.2021,11,Treatment,2021,Sugar,3-2BOTC,3,2,BOT,C,5.69
24.10.2021,11,Treatment,2021,Sugar,3-2BOTH,3,2,BOT,A,5.55
24.10.2021,11,Treatment,2021,Control,3-3BOTC,3,3,BOT,C,5.42
24.10.2021,11,Treatment,2021,Control,3-3BOTH,3,3,BOT,A,5.04
24.10.2021,11,Treatment,2021,Control,3-3MIDH,3,3,MID,A,4.06
22.05.2022,1,Treatment,2022,Control,1-1TOPH,1,1,TOP,A,5.11
22.05.2022,1,Treatment,2022,Control,1-1MIDH,1,1,MID,A,5.32
22.05.2022,1,Treatment,2022,Control,1-1MIDC,1,1,MID,C,5.62
22.05.2022,1,Treatment,2022,Control,1-1BOTH,1,1,BOT,A,4.86
22.05.2022,1,Treatment,2022,Control,1-1BOTC,1,1,BOT,C,5.34
22.05.2022,1,Treatment,2022,Sugar,1-2TOPH,1,2,TOP,A,5.59
22.05.2022,1,Treatment,2022,Sugar,1-2MIDC,1,2,MID,C,5.37
22.05.2022,1,Treatment,2022,Sugar,1-2BOTH,1,2,BOT,A,5.28
22.05.2022,1,Treatment,2022,Sugar,1-2BOTC,1,2,BOT,C,5.03
22.05.2022,1,Treatment,2022,Band,1-3TOPH,1,3,TOP,A,5.32
22.05.2022,1,Treatment,2022,Band,1-3MIDH,1,3,MID,A,5.47
22.05.2022,1,Treatment,2022,Band,1-3MIDC,1,3,MID,C,5.79
22.05.2022,1,Treatment,2022,Band,1-3BOTH,1,3,BOT,A,5.31
22.05.2022,1,Treatment,2022,Band,1-3BOTC,1,3,BOT,C,5.81
22.05.2022,1,Treatment,2022,Band,2-1TOPH,2,1,TOP,A,4.36
22.05.2022,1,Treatment,2022,Band,2-1MIDH,2,1,MID,A,4.82
22.05.2022,1,Treatment,2022,Band,2-1MIDC,2,1,MID,C,5.63
22.05.2022,1,Treatment,2022,Band,2-1BOTH,2,1,BOT,A,5.82
22.05.2022,1,Treatment,2022,Band,2-1BOTC,2,1,BOT,C,5.93
22.05.2022,1,Treatment,2022,Control,2-2TOPH,2,2,TOP,A,5.68
22.05.2022,1,Treatment,2022,Control,2-2MIDH,2,2,MID,A,5.23
22.05.2022,1,Treatment,2022,Control,2-2MIDC,2,2,MID,C,5.67
22.05.2022,1,Treatment,2022,Control,2-2BOTH,2,2,BOT,A,4.89
22.05.2022,1,Treatment,2022,Control,2-2BOTC,2,2,BOT,C,5.96
22.05.2022,1,Treatment,2022,Sugar,2-3TOPH,2,3,TOP,A,5.37
22.05.2022,1,Treatment,2022,Sugar,2-3MIDH,2,3,MID,A,5.04
22.05.2022,1,Treatment,2022,Sugar,2-3MIDC,2,3,MID,C,5.37
22.05.2022,1,Treatment,2022,Sugar,2-3BOTH,2,3,BOT,A,5.19
22.05.2022,1,Treatment,2022,Sugar,2-3BOTC,2,3,BOT,C,5.33
22.05.2022,1,Treatment,2022,Band,3-1TOPH,3,1,TOP,A,4.68
22.05.2022,1,Treatment,2022,Band,3-1MIDH,3,1,MID,A,4.81
22.05.2022,1,Treatment,2022,Band,3-1BOTH,3,1,BOT,A,4.61
22.05.2022,1,Treatment,2022,Band,3-1BOTC,3,1,BOT,C,5.29
22.05.2022,1,Treatment,2022,Sugar,3-2TOPH,3,2,TOP,A,4.66
22.05.2022,1,Treatment,2022,Sugar,3-2MIDH,3,2,MID,A,4.82
22.05.2022,1,Treatment,2022,Sugar,3-2MIDC,3,2,MID,C,5.67
22.05.2022,1,Treatment,2022,Sugar,3-2BOTH,3,2,BOT,A,5.54
22.05.2022,1,Treatment,2022,Sugar,3-2BOTC,3,2,BOT,C,5.6
22.05.2022,1,Treatment,2022,Control,3-3TOPH,3,3,TOP,A,4.61
22.05.2022,1,Treatment,2022,Control,3-3MIDH,3,3,MID,A,4.22
22.05.2022,1,Treatment,2022,Control,3-3BOTH,3,3,BOT,A,5.3
22.05.2022,1,Treatment,2022,Control,3-3BOTC,3,3,BOT,C,5.44
27.05.2022,2,Treatment,2022,Control,1-1TOPH,1,1,TOP,A,5.89
27.05.2022,2,Treatment,2022,Control,1-1MIDH,1,1,MID,A,5.48
27.05.2022,2,Treatment,2022,Control,1-1MIDC,1,1,MID,C,5.75
27.05.2022,2,Treatment,2022,Control,1-1BOTH,1,1,BOT,A,4.91
27.05.2022,2,Treatment,2022,Control,1-1BOTC,1,1,BOT,C,5.82
27.05.2022,2,Treatment,2022,Sugar,1-2TOPH,1,2,TOP,A,5.19
27.05.2022,2,Treatment,2022,Sugar,1-2MIDC,1,2,MID,C,5.43
27.05.2022,2,Treatment,2022,Sugar,1-2BOTH,1,2,BOT,A,5.09
27.05.2022,2,Treatment,2022,Sugar,1-2BOTC,1,2,BOT,C,5.6
27.05.2022,2,Treatment,2022,Band,1-3TOPH,1,3,TOP,A,5.1
27.05.2022,2,Treatment,2022,Band,1-3MIDH,1,3,MID,A,5.34
27.05.2022,2,Treatment,2022,Band,1-3MIDC,1,3,MID,C,5.5
27.05.2022,2,Treatment,2022,Band,1-3BOTH,1,3,BOT,A,5.32
27.05.2022,2,Treatment,2022,Band,1-3BOTC,1,3,BOT,C,5.73
27.05.2022,2,Treatment,2022,Band,2-1TOPH,2,1,TOP,A,4.72
27.05.2022,2,Treatment,2022,Band,2-1MIDC,2,1,MID,C,5.07
27.05.2022,2,Treatment,2022,Band,2-1BOTH,2,1,BOT,A,5.26
27.05.2022,2,Treatment,2022,Band,2-1BOTC,2,1,BOT,C,5.8
27.05.2022,2,Treatment,2022,Control,2-2TOPH,2,2,TOP,A,5.38
27.05.2022,2,Treatment,2022,Control,2-2MIDC,2,2,MID,C,5.71
27.05.2022,2,Treatment,2022,Control,2-2BOTH,2,2,BOT,A,4.73
27.05.2022,2,Treatment,2022,Control,2-2BOTC,2,2,BOT,C,5.78
27.05.2022,2,Treatment,2022,Sugar,2-3TOPH,2,3,TOP,A,4.94
27.05.2022,2,Treatment,2022,Sugar,2-3MIDH,2,3,MID,A,4.98
27.05.2022,2,Treatment,2022,Sugar,2-3MIDC,2,3,MID,C,5.56
27.05.2022,2,Treatment,2022,Sugar,2-3BOTH,2,3,BOT,A,5.13
27.05.2022,2,Treatment,2022,Sugar,2-3BOTC,2,3,BOT,C,5.9
27.05.2022,2,Treatment,2022,Band,3-1BOTH,3,1,BOT,A,4.42
27.05.2022,2,Treatment,2022,Band,3-1BOTC,3,1,BOT,C,5.76
27.05.2022,2,Treatment,2022,Sugar,3-2TOPH,3,2,TOP,A,4.6
27.05.2022,2,Treatment,2022,Sugar,3-2MIDH,3,2,MID,A,4.81
27.05.2022,2,Treatment,2022,Sugar,3-2MIDC,3,2,MID,C,5.96
27.05.2022,2,Treatment,2022,Sugar,3-2BOTH,3,2,BOT,A,5.43
27.05.2022,2,Treatment,2022,Sugar,3-2BOTC,3,2,BOT,C,5.88
27.05.2022,2,Treatment,2022,Control,3-3TOPH,3,3,TOP,A,4.85
27.05.2022,2,Treatment,2022,Control,3-3MIDH,3,3,MID,A,4.2
27.05.2022,2,Treatment,2022,Control,3-3BOTH,3,3,BOT,A,5.07
27.05.2022,2,Treatment,2022,Control,3-3BOTC,3,3,BOT,C,5.74
01.06.2022,3,Treatment,2022,Control,1-1MIDH,1,1,MID,A,6.73
01.06.2022,3,Treatment,2022,Control,1-1MIDC,1,1,MID,C,6.15
01.06.2022,3,Treatment,2022,Control,1-1BOTH,1,1,BOT,A,5.01
01.06.2022,3,Treatment,2022,Control,1-1BOTC,1,1,BOT,C,5.52
01.06.2022,3,Treatment,2022,Sugar,1-2TOPH,1,2,TOP,A,5.02
01.06.2022,3,Treatment,2022,Sugar,1-2MIDH,1,2,MID,A,5.19
01.06.2022,3,Treatment,2022,Sugar,1-2BOTH,1,2,BOT,A,5.02
01.06.2022,3,Treatment,2022,Sugar,1-2BOTC,1,2,BOT,C,5.53
01.06.2022,3,Treatment,2022,Band,1-3TOPH,1,3,TOP,A,5.06
01.06.2022,3,Treatment,2022,Band,1-3MIDH,1,3,MID,A,5.19
01.06.2022,3,Treatment,2022,Band,1-3BOTH,1,3,BOT,A,5.1
01.06.2022,3,Treatment,2022,Band,1-3BOTC,1,3,BOT,C,5.49
01.06.2022,3,Treatment,2022,Band,2-1MIDH,2,1,MID,A,4.66
01.06.2022,3,Treatment,2022,Band,2-1MIDC,2,1,MID,C,5.64
01.06.2022,3,Treatment,2022,Band,2-1BOTH,2,1,BOT,A,5.8
01.06.2022,3,Treatment,2022,Band,2-1BOTC,2,1,BOT,C,6
01.06.2022,3,Treatment,2022,Control,2-2TOPH,2,2,TOP,A,5.89
01.06.2022,3,Treatment,2022,Control,2-2BOTH,2,2,BOT,A,4.81
01.06.2022,3,Treatment,2022,Control,2-2BOTC,2,2,BOT,C,5.99
01.06.2022,3,Treatment,2022,Sugar,2-3TOPH,2,3,TOP,A,5.26
01.06.2022,3,Treatment,2022,Sugar,2-3MIDH,2,3,MID,A,4.8
01.06.2022,3,Treatment,2022,Sugar,2-3MIDC,2,3,MID,C,5.56
01.06.2022,3,Treatment,2022,Sugar,2-3BOTH,2,3,BOT,A,5.11
01.06.2022,3,Treatment,2022,Sugar,2-3BOTC,2,3,BOT,C,5.75
01.06.2022,3,Treatment,2022,Band,3-1TOPH,3,1,TOP,A,4.66
01.06.2022,3,Treatment,2022,Band,3-1BOTH,3,1,BOT,A,4.71
01.06.2022,3,Treatment,2022,Band,3-1BOTC,3,1,BOT,C,5.54
01.06.2022,3,Treatment,2022,Sugar,3-2TOPH,3,2,TOP,A,4.62
01.06.2022,3,Treatment,2022,Sugar,3-2MIDH,3,2,MID,A,4.79
01.06.2022,3,Treatment,2022,Sugar,3-2MIDC,3,2,MID,C,5.88
01.06.2022,3,Treatment,2022,Sugar,3-2BOTH,3,2,BOT,A,5.78
01.06.2022,3,Treatment,2022,Sugar,3-2BOTC,3,2,BOT,C,5.97
01.06.2022,3,Treatment,2022,Control,3-3TOPH,3,3,TOP,A,4.74
01.06.2022,3,Treatment,2022,Control,3-3MIDH,3,3,MID,A,4.36
01.06.2022,3,Treatment,2022,Control,3-3BOTH,3,3,BOT,A,5.43
01.06.2022,3,Treatment,2022,Control,3-3BOTC,3,3,BOT,C,5.55
22.06.2022,4,Treatment,2022,Control,1-1TOPH,1,1,TOP,A,5.11
22.06.2022,4,Treatment,2022,Control,1-1MIDH,1,1,MID,A,5.53
22.06.2022,4,Treatment,2022,Control,1-1MIDC,1,1,MID,C,5.89
22.06.2022,4,Treatment,2022,Control,1-1BOTH,1,1,BOT,A,4.95
22.06.2022,4,Treatment,2022,Control,1-1BOTC,1,1,BOT,C,5.57
22.06.2022,4,Treatment,2022,Sugar,1-2TOPH,1,2,TOP,A,4.64
22.06.2022,4,Treatment,2022,Sugar,1-2MIDC,1,2,MID,C,5.28
22.06.2022,4,Treatment,2022,Sugar,1-2BOTH,1,2,BOT,A,5.05
22.06.2022,4,Treatment,2022,Sugar,1-2BOTC,1,2,BOT,C,5.02
22.06.2022,4,Treatment,2022,Band,1-3TOPH,1,3,TOP,A,5.06
22.06.2022,4,Treatment,2022,Band,1-3MIDH,1,3,MID,A,5.05
22.06.2022,4,Treatment,2022,Band,1-3MIDC,1,3,MID,C,5.62
22.06.2022,4,Treatment,2022,Band,1-3BOTH,1,3,BOT,A,5.08
22.06.2022,4,Treatment,2022,Band,1-3BOTC,1,3,BOT,C,5.3
22.06.2022,4,Treatment,2022,Band,2-1BOTH,2,1,BOT,A,5.22
22.06.2022,4,Treatment,2022,Band,2-1BOTC,2,1,BOT,C,5.97
22.06.2022,4,Treatment,2022,Control,2-2TOPH,2,2,TOP,A,5.61
22.06.2022,4,Treatment,2022,Control,2-2MIDH,2,2,MID,A,4.66
22.06.2022,4,Treatment,2022,Control,2-2BOTH,2,2,BOT,A,4.71
22.06.2022,4,Treatment,2022,Control,2-2BOTC,2,2,BOT,C,5.84
22.06.2022,4,Treatment,2022,Sugar,2-3TOPH,2,3,TOP,A,4.88
22.06.2022,4,Treatment,2022,Sugar,2-3MIDH,2,3,MID,A,5.27
22.06.2022,4,Treatment,2022,Sugar,2-3MIDC,2,3,MID,C,5.48
22.06.2022,4,Treatment,2022,Sugar,2-3BOTH,2,3,BOT,A,5.07
22.06.2022,4,Treatment,2022,Sugar,2-3BOTC,2,3,BOT,C,5.47
22.06.2022,4,Treatment,2022,Band,3-1TOPH,3,1,TOP,A,4.17
22.06.2022,4,Treatment,2022,Band,3-1BOTH,3,1,BOT,A,4.5
22.06.2022,4,Treatment,2022,Band,3-1BOTC,3,1,BOT,C,5.35
22.06.2022,4,Treatment,2022,Sugar,3-2TOPH,3,2,TOP,A,4.23
22.06.2022,4,Treatment,2022,Sugar,3-2MIDH,3,2,MID,A,4.67
22.06.2022,4,Treatment,2022,Sugar,3-2MIDC,3,2,MID,C,5.85
22.06.2022,4,Treatment,2022,Sugar,3-2BOTH,3,2,BOT,A,5.72
22.06.2022,4,Treatment,2022,Sugar,3-2BOTC,3,2,BOT,C,5.92
22.06.2022,4,Treatment,2022,Control,3-3TOPH,3,3,TOP,A,4.25
22.06.2022,4,Treatment,2022,Control,3-3MIDH,3,3,MID,A,4.28
22.06.2022,4,Treatment,2022,Control,3-3BOTH,3,3,BOT,A,5.26
22.06.2022,4,Treatment,2022,Control,3-3BOTC,3,3,BOT,C,5.66
11.07.2022,5,Treatment,2022,Control,1-1MIDH,1,1,MID,A,6.13
11.07.2022,5,Treatment,2022,Control,1-1MIDC,1,1,MID,C,6.38
11.07.2022,5,Treatment,2022,Control,1-1BOTH,1,1,BOT,A,5.52
11.07.2022,5,Treatment,2022,Control,1-1BOTC,1,1,BOT,C,5.67
11.07.2022,5,Treatment,2022,Sugar,1-2TOPH,1,2,TOP,A,5.2
11.07.2022,5,Treatment,2022,Sugar,1-2BOTH,1,2,BOT,A,5.18
11.07.2022,5,Treatment,2022,Sugar,1-2BOTC,1,2,BOT,C,5.32
11.07.2022,5,Treatment,2022,Band,1-3TOPH,1,3,TOP,A,5.07
11.07.2022,5,Treatment,2022,Band,1-3BOTH,1,3,BOT,A,5.6
11.07.2022,5,Treatment,2022,Band,1-3BOTC,1,3,BOT,C,5.83
11.07.2022,5,Treatment,2022,Band,2-1BOTH,2,1,BOT,A,5.43
11.07.2022,5,Treatment,2022,Band,2-1BOTC,2,1,BOT,C,5.83
11.07.2022,5,Treatment,2022,Control,2-2TOPH,2,2,TOP,A,5.61
11.07.2022,5,Treatment,2022,Control,2-2BOTH,2,2,BOT,A,4.46
11.07.2022,5,Treatment,2022,Control,2-2BOTC,2,2,BOT,C,5.78
11.07.2022,5,Treatment,2022,Sugar,2-3TOPH,2,3,TOP,A,5.15
11.07.2022,5,Treatment,2022,Sugar,2-3BOTH,2,3,BOT,A,5.23
11.07.2022,5,Treatment,2022,Sugar,2-3BOTC,2,3,BOT,C,5.48
11.07.2022,5,Treatment,2022,Band,3-1MIDH,3,1,MID,A,4.26
11.07.2022,5,Treatment,2022,Band,3-1BOTH,3,1,BOT,A,4.4
11.07.2022,5,Treatment,2022,Band,3-1BOTC,3,1,BOT,C,5.41
11.07.2022,5,Treatment,2022,Sugar,3-2BOTH,3,2,BOT,A,5.56
11.07.2022,5,Treatment,2022,Sugar,3-2BOTC,3,2,BOT,C,5.77
11.07.2022,5,Treatment,2022,Control,3-3TOPH,3,3,TOP,A,4.96
11.07.2022,5,Treatment,2022,Control,3-3BOTH,3,3,BOT,A,5.26
11.07.2022,5,Treatment,2022,Control,3-3BOTC,3,3,BOT,C,5.59
31.07.2022,6,Treatment,2022,Control,1-1TOPH,1,1,TOP,A,4.11
31.07.2022,6,Treatment,2022,Control,1-1MIDH,1,1,MID,A,4.74
31.07.2022,6,Treatment,2022,Control,1-1MIDC,1,1,MID,C,6.16
31.07.2022,6,Treatment,2022,Control,1-1BOTH,1,1,BOT,A,5.83
31.07.2022,6,Treatment,2022,Control,1-1BOTC,1,1,BOT,C,5.53
31.07.2022,6,Treatment,2022,Sugar,1-2TOPH,1,2,TOP,A,4.58
31.07.2022,6,Treatment,2022,Sugar,1-2MIDH,1,2,MID,A,4.5
31.07.2022,6,Treatment,2022,Sugar,1-2BOTH,1,2,BOT,A,4.96
31.07.2022,6,Treatment,2022,Sugar,1-2BOTC,1,2,BOT,C,5.14
31.07.2022,6,Treatment,2022,Band,1-3TOPH,1,3,TOP,A,5.04
31.07.2022,6,Treatment,2022,Band,1-3MIDH,1,3,MID,A,5.3
31.07.2022,6,Treatment,2022,Band,1-3MIDC,1,3,MID,C,5.72
31.07.2022,6,Treatment,2022,Band,1-3BOTH,1,3,BOT,A,5.43
31.07.2022,6,Treatment,2022,Band,1-3BOTC,1,3,BOT,C,5.49
31.07.2022,6,Treatment,2022,Band,2-1TOPH,2,1,TOP,A,5.65
31.07.2022,6,Treatment,2022,Band,2-1MIDH,2,1,MID,A,4.84
31.07.2022,6,Treatment,2022,Band,2-1BOTH,2,1,BOT,A,5.31
31.07.2022,6,Treatment,2022,Band,2-1BOTC,2,1,BOT,C,5.81
31.07.2022,6,Treatment,2022,Control,2-2TOPH,2,2,TOP,A,5.25
31.07.2022,6,Treatment,2022,Control,2-2BOTH,2,2,BOT,A,4.43
31.07.2022,6,Treatment,2022,Control,2-2BOTC,2,2,BOT,C,5.74
31.07.2022,6,Treatment,2022,Sugar,2-3TOPH,2,3,TOP,A,5.04
31.07.2022,6,Treatment,2022,Sugar,2-3MIDH,2,3,MID,A,5.53
31.07.2022,6,Treatment,2022,Sugar,2-3MIDC,2,3,MID,C,5.78
31.07.2022,6,Treatment,2022,Sugar,2-3BOTH,2,3,BOT,A,5.3
31.07.2022,6,Treatment,2022,Sugar,2-3BOTC,2,3,BOT,C,5.64
31.07.2022,6,Treatment,2022,Band,3-1TOPH,3,1,TOP,A,4.56
31.07.2022,6,Treatment,2022,Band,3-1MIDH,3,1,MID,A,4.08
31.07.2022,6,Treatment,2022,Band,3-1BOTH,3,1,BOT,A,3.97
31.07.2022,6,Treatment,2022,Band,3-1BOTC,3,1,BOT,C,5.35
31.07.2022,6,Treatment,2022,Sugar,3-2TOPH,3,2,TOP,A,4.12
31.07.2022,6,Treatment,2022,Sugar,3-2MIDH,3,2,MID,A,4.56
31.07.2022,6,Treatment,2022,Sugar,3-2BOTH,3,2,BOT,A,5.52
31.07.2022,6,Treatment,2022,Sugar,3-2BOTC,3,2,BOT,C,5.76
31.07.2022,6,Treatment,2022,Control,3-3TOPH,3,3,TOP,A,4.4
31.07.2022,6,Treatment,2022,Control,3-3MIDH,3,3,MID,A,4.59
31.07.2022,6,Treatment,2022,Control,3-3BOTH,3,3,BOT,A,5.33
31.07.2022,6,Treatment,2022,Control,3-3BOTC,3,3,BOT,C,5.5
05.08.2022,7,Treatment,2022,Control,1-1TOPH,1,1,TOP,A,4.02
05.08.2022,7,Treatment,2022,Control,1-1MIDH,1,1,MID,A,5.61
05.08.2022,7,Treatment,2022,Control,1-1MIDC,1,1,MID,C,5.97
05.08.2022,7,Treatment,2022,Control,1-1BOTH,1,1,BOT,A,5.25
05.08.2022,7,Treatment,2022,Control,1-1BOTC,1,1,BOT,C,5.53
05.08.2022,7,Treatment,2022,Sugar,1-2TOPH,1,2,TOP,A,4.98
05.08.2022,7,Treatment,2022,Sugar,1-2MIDH,1,2,MID,A,4.46
05.08.2022,7,Treatment,2022,Sugar,1-2BOTH,1,2,BOT,A,5
05.08.2022,7,Treatment,2022,Sugar,1-2BOTC,1,2,BOT,C,5.11
05.08.2022,7,Treatment,2022,Band,1-3TOPH,1,3,TOP,A,4.87
05.08.2022,7,Treatment,2022,Band,1-3MIDH,1,3,MID,A,5.28
05.08.2022,7,Treatment,2022,Band,1-3MIDC,1,3,MID,C,5.56
05.08.2022,7,Treatment,2022,Band,1-3BOTH,1,3,BOT,A,5.4
05.08.2022,7,Treatment,2022,Band,1-3BOTC,1,3,BOT,C,5.51
05.08.2022,7,Treatment,2022,Band,2-1MIDH,2,1,MID,A,4.64
05.08.2022,7,Treatment,2022,Band,2-1BOTH,2,1,BOT,A,5.46
05.08.2022,7,Treatment,2022,Band,2-1BOTC,2,1,BOT,C,5.87
05.08.2022,7,Treatment,2022,Control,2-2TOPH,2,2,TOP,A,5.29
05.08.2022,7,Treatment,2022,Control,2-2BOTH,2,2,BOT,A,4.88
05.08.2022,7,Treatment,2022,Control,2-2BOTC,2,2,BOT,C,5.99
05.08.2022,7,Treatment,2022,Sugar,2-3TOPH,2,3,TOP,A,4.86
05.08.2022,7,Treatment,2022,Sugar,2-3BOTH,2,3,BOT,A,5.19
05.08.2022,7,Treatment,2022,Sugar,2-3BOTC,2,3,BOT,C,5.55
05.08.2022,7,Treatment,2022,Band,3-1TOPH,3,1,TOP,A,4.36
05.08.2022,7,Treatment,2022,Band,3-1MIDH,3,1,MID,A,5.03
05.08.2022,7,Treatment,2022,Band,3-1BOTH,3,1,BOT,A,4.03
05.08.2022,7,Treatment,2022,Band,3-1BOTC,3,1,BOT,C,5.36
05.08.2022,7,Treatment,2022,Sugar,3-2TOPH,3,2,TOP,A,4.01
05.08.2022,7,Treatment,2022,Sugar,3-2MIDC,3,2,MID,C,5.72
05.08.2022,7,Treatment,2022,Sugar,3-2BOTH,3,2,BOT,A,5.2
05.08.2022,7,Treatment,2022,Sugar,3-2BOTC,3,2,BOT,C,5.86
05.08.2022,7,Treatment,2022,Control,3-3TOPH,3,3,TOP,A,4.27
05.08.2022,7,Treatment,2022,Control,3-3MIDH,3,3,MID,A,4.07
05.08.2022,7,Treatment,2022,Control,3-3BOTH,3,3,BOT,A,5.2
05.08.2022,7,Treatment,2022,Control,3-3BOTC,3,3,BOT,C,5.47
21.08.2022,8,Treatment,2022,Control,1-1TOPH,1,1,TOP,A,4.23
21.08.2022,8,Treatment,2022,Control,1-1MIDH,1,1,MID,A,5.56
21.08.2022,8,Treatment,2022,Control,1-1MIDC,1,1,MID,C,5.87
21.08.2022,8,Treatment,2022,Control,1-1BOTH,1,1,BOT,A,5.16
21.08.2022,8,Treatment,2022,Control,1-1BOTC,1,1,BOT,C,5.61
21.08.2022,8,Treatment,2022,Sugar,1-2TOPH,1,2,TOP,A,5.17
21.08.2022,8,Treatment,2022,Sugar,1-2BOTH,1,2,BOT,A,5.06
21.08.2022,8,Treatment,2022,Sugar,1-2BOTC,1,2,BOT,C,5.31
21.08.2022,8,Treatment,2022,Band,1-3TOPH,1,3,TOP,A,5.23
21.08.2022,8,Treatment,2022,Band,1-3MIDH,1,3,MID,A,5.43
21.08.2022,8,Treatment,2022,Band,1-3MIDC,1,3,MID,C,5.74
21.08.2022,8,Treatment,2022,Band,1-3BOTH,1,3,BOT,A,5.55
21.08.2022,8,Treatment,2022,Band,1-3BOTC,1,3,BOT,C,5.68
21.08.2022,8,Treatment,2022,Band,2-1TOPH,2,1,TOP,A,4.89
21.08.2022,8,Treatment,2022,Band,2-1MIDH,2,1,MID,A,5.41
21.08.2022,8,Treatment,2022,Band,2-1BOTH,2,1,BOT,A,5.67
21.08.2022,8,Treatment,2022,Band,2-1BOTC,2,1,BOT,C,6.16
21.08.2022,8,Treatment,2022,Control,2-2TOPH,2,2,TOP,A,5.97
21.08.2022,8,Treatment,2022,Control,2-2BOTH,2,2,BOT,A,5.05
21.08.2022,8,Treatment,2022,Control,2-2BOTC,2,2,BOT,C,5.81
21.08.2022,8,Treatment,2022,Sugar,2-3TOPH,2,3,TOP,A,5.19
21.08.2022,8,Treatment,2022,Sugar,2-3BOTH,2,3,BOT,A,5.39
21.08.2022,8,Treatment,2022,Sugar,2-3BOTC,2,3,BOT,C,5.62
21.08.2022,8,Treatment,2022,Band,3-1BOTH,3,1,BOT,A,4.55
21.08.2022,8,Treatment,2022,Band,3-1BOTC,3,1,BOT,C,5.36
21.08.2022,8,Treatment,2022,Sugar,3-2TOPH,3,2,TOP,A,4.17
21.08.2022,8,Treatment,2022,Sugar,3-2MIDC,3,2,MID,C,6.03
21.08.2022,8,Treatment,2022,Sugar,3-2BOTH,3,2,BOT,A,5.43
21.08.2022,8,Treatment,2022,Sugar,3-2BOTC,3,2,BOT,C,5.74
21.08.2022,8,Treatment,2022,Control,3-3TOPH,3,3,TOP,A,4.93
21.08.2022,8,Treatment,2022,Control,3-3BOTH,3,3,BOT,A,5.44
21.08.2022,8,Treatment,2022,Control,3-3BOTC,3,3,BOT,C,5.54
12.09.2022,9,Treatment,2022,Control,1-1TOPH,1,1,TOP,A,4.34
12.09.2022,9,Treatment,2022,Control,1-1MIDC,1,1,MID,C,5.88
12.09.2022,9,Treatment,2022,Control,1-1BOTC,1,1,BOT,C,5.8
12.09.2022,9,Treatment,2022,Sugar,1-2TOPH,1,2,TOP,A,5.16
12.09.2022,9,Treatment,2022,Sugar,1-2BOTH,1,2,BOT,A,4.77
12.09.2022,9,Treatment,2022,Sugar,1-2BOTC,1,2,BOT,C,5.08
12.09.2022,9,Treatment,2022,Band,1-3TOPH,1,3,TOP,A,5.38
12.09.2022,9,Treatment,2022,Band,1-3BOTC,1,3,BOT,C,5.92
12.09.2022,9,Treatment,2022,Band,2-1BOTH,2,1,BOT,A,4.53
12.09.2022,9,Treatment,2022,Control,2-2BOTH,2,2,BOT,A,5.1
12.09.2022,9,Treatment,2022,Sugar,2-3BOTC,2,3,BOT,C,5.6
12.09.2022,9,Treatment,2022,Band,3-1BOTH,3,1,BOT,A,4.08
12.09.2022,9,Treatment,2022,Band,3-1BOTC,3,1,BOT,C,5.9
12.09.2022,9,Treatment,2022,Sugar,3-2BOTH,3,2,BOT,A,6.11
12.09.2022,9,Treatment,2022,Sugar,3-2BOTC,3,2,BOT,C,6.48
12.09.2022,9,Treatment,2022,Control,3-3BOTH,3,3,BOT,A,5.9
12.09.2022,9,Treatment,2022,Control,3-3BOTC,3,3,BOT,C,6.62
11.10.2022,10,Treatment,2022,Control,1-1TOPH,1,1,TOP,A,4.55
11.10.2022,10,Treatment,2022,Control,1-1MIDH,1,1,MID,A,4.43
11.10.2022,10,Treatment,2022,Control,1-1MIDC,1,1,MID,C,5.94
11.10.2022,10,Treatment,2022,Control,1-1BOTC,1,1,BOT,C,5.95
11.10.2022,10,Treatment,2022,Sugar,1-2TOPH,1,2,TOP,A,5.27
11.10.2022,10,Treatment,2022,Sugar,1-2BOTH,1,2,BOT,A,4.89
11.10.2022,10,Treatment,2022,Sugar,1-2BOTC,1,2,BOT,C,5.05
11.10.2022,10,Treatment,2022,Band,1-3TOPH,1,3,TOP,A,5.09
11.10.2022,10,Treatment,2022,Band,1-3BOTH,1,3,BOT,A,5.72
11.10.2022,10,Treatment,2022,Band,1-3BOTC,1,3,BOT,C,6.16
11.10.2022,10,Treatment,2022,Band,2-1BOTH,2,1,BOT,A,4.57
11.10.2022,10,Treatment,2022,Band,2-1BOTC,2,1,BOT,C,5.87
11.10.2022,10,Treatment,2022,Control,2-2BOTH,2,2,BOT,A,4.49
11.10.2022,10,Treatment,2022,Control,2-2BOTC,2,2,BOT,C,5.87
11.10.2022,10,Treatment,2022,Sugar,2-3BOTH,2,3,BOT,A,5.35
11.10.2022,10,Treatment,2022,Sugar,2-3BOTC,2,3,BOT,C,5.79
11.10.2022,10,Treatment,2022,Band,3-1TOPH,3,1,TOP,A,4.23
11.10.2022,10,Treatment,2022,Band,3-1BOTH,3,1,BOT,A,3.76
11.10.2022,10,Treatment,2022,Band,3-1BOTC,3,1,BOT,C,5.74
11.10.2022,10,Treatment,2022,Sugar,3-2TOPH,3,2,TOP,A,4.12
11.10.2022,10,Treatment,2022,Sugar,3-2BOTH,3,2,BOT,A,5.66
11.10.2022,10,Treatment,2022,Sugar,3-2BOTC,3,2,BOT,C,6.06
11.10.2022,10,Treatment,2022,Control,3-3TOPH,3,3,TOP,A,4.76
11.10.2022,10,Treatment,2022,Control,3-3BOTH,3,3,BOT,A,5.38
11.10.2022,10,Treatment,2022,Control,3-3BOTC,3,3,BOT,C,5.89
25.06.2023,1,Post-treatment,2023,Control,1-1MIDA,1,1,MID,A,5.28
25.06.2023,1,Post-treatment,2023,Control,1-1MIDC,1,1,MID,C,5.84
25.06.2023,1,Post-treatment,2023,Control,1-1BOTC,1,1,BOT,C,5.58
25.06.2023,1,Post-treatment,2023,Control,1-1TOPA,1,1,TOP,A,5.24
25.06.2023,1,Post-treatment,2023,Control,1-1BOTA,1,1,BOT,A,4.76
25.06.2023,1,Post-treatment,2023,Sugar,1-2BOTC,1,2,BOT,C,5.78
25.06.2023,1,Post-treatment,2023,Sugar,1-2TOPA,1,2,TOP,A,5.42
25.06.2023,1,Post-treatment,2023,Sugar,1-2BOTA,1,2,BOT,A,4.62
25.06.2023,1,Post-treatment,2023,Band,1-3MIDA,1,3,MID,A,4.89
25.06.2023,1,Post-treatment,2023,Band,1-3BOTC,1,3,BOT,C,5.3
25.06.2023,1,Post-treatment,2023,Band,1-3TOPA,1,3,TOP,A,5.18
25.06.2023,1,Post-treatment,2023,Band,1-3BOTA,1,3,BOT,A,5.13
25.06.2023,1,Post-treatment,2023,Band,2-1BOTC,2,1,BOT,C,5.13
25.06.2023,1,Post-treatment,2023,Band,2-1BOTA,2,1,BOT,A,5.34
25.06.2023,1,Post-treatment,2023,Control,2-2BOTC,2,2,BOT,C,5.02
25.06.2023,1,Post-treatment,2023,Control,2-2TOPA,2,2,TOP,A,5.55
25.06.2023,1,Post-treatment,2023,Control,2-2BOTA,2,2,BOT,A,4.46
25.06.2023,1,Post-treatment,2023,Sugar,2-3BOTC,2,3,BOT,C,5.64
25.06.2023,1,Post-treatment,2023,Sugar,2-3TOPA,2,3,TOP,A,4.86
25.06.2023,1,Post-treatment,2023,Sugar,2-3BOTA,2,3,BOT,A,5.03
25.06.2023,1,Post-treatment,2023,Band,3-1BOTC,3,1,BOT,C,5.64
25.06.2023,1,Post-treatment,2023,Band,3-1TOPA,3,1,TOP,A,4.24
25.06.2023,1,Post-treatment,2023,Sugar,3-2BOTC,3,2,BOT,C,4.78
25.06.2023,1,Post-treatment,2023,Sugar,3-2TOPA,3,2,TOP,A,4.59
25.06.2023,1,Post-treatment,2023,Sugar,3-2BOTA,3,2,BOT,A,5.49
25.06.2023,1,Post-treatment,2023,Control,3-3BOTC,3,3,BOT,C,5.69
25.06.2023,1,Post-treatment,2023,Control,3-3TOPA,3,3,TOP,A,3.83
25.06.2023,1,Post-treatment,2023,Control,3-3BOTA,3,3,BOT,A,4.6
19.07.2023,2,Post-treatment,2023,Control,1-1BOTC,1,1,BOT,C,5.53
19.07.2023,2,Post-treatment,2023,Control,1-1TOPA,1,1,TOP,A,4.85
19.07.2023,2,Post-treatment,2023,Sugar,1-2TOPA,1,2,TOP,A,5.1
19.07.2023,2,Post-treatment,2023,Sugar,1-2BOTA,1,2,BOT,A,5.01
19.07.2023,2,Post-treatment,2023,Band,1-3BOTC,1,3,BOT,C,4.16
19.07.2023,2,Post-treatment,2023,Band,1-3BOTC,1,3,BOT,C,4.26
19.07.2023,2,Post-treatment,2023,Band,1-3TOPA,1,3,TOP,A,3.96
19.07.2023,2,Post-treatment,2023,Band,1-3BOTA,1,3,BOT,A,5.06
19.07.2023,2,Post-treatment,2023,Band,2-1BOTC,2,1,BOT,C,4.4
19.07.2023,2,Post-treatment,2023,Band,2-1BOTA,2,1,BOT,A,5.78
19.07.2023,2,Post-treatment,2023,Control,2-2BOTC,2,2,BOT,C,5.99
19.07.2023,2,Post-treatment,2023,Control,2-2TOPA,2,2,TOP,A,4.32
19.07.2023,2,Post-treatment,2023,Control,2-2BOTA,2,2,BOT,A,4.45
19.07.2023,2,Post-treatment,2023,Sugar,2-3BOTC,2,3,BOT,C,5.68
19.07.2023,2,Post-treatment,2023,Sugar,2-3TOPA,2,3,TOP,A,5.04
19.07.2023,2,Post-treatment,2023,Sugar,2-3BOTA,2,3,BOT,A,4.1
19.07.2023,2,Post-treatment,2023,Band,3-1BOTC,3,1,BOT,C,4.2
19.07.2023,2,Post-treatment,2023,Band,3-1TOPA,3,1,TOP,A,3.91
19.07.2023,2,Post-treatment,2023,Band,3-1BOTA,3,1,BOT,A,4.06
19.07.2023,2,Post-treatment,2023,Sugar,3-2BOTC,3,2,BOT,C,4.73
19.07.2023,2,Post-treatment,2023,Sugar,3-2TOPA,3,2,TOP,A,4.27
19.07.2023,2,Post-treatment,2023,Sugar,3-2BOTA,3,2,BOT,A,5.81
19.07.2023,2,Post-treatment,2023,Control,3-3BOTC,3,3,BOT,C,5.94
19.07.2023,2,Post-treatment,2023,Control,3-3TOPA,3,3,TOP,A,5.16
19.07.2023,2,Post-treatment,2023,Control,3-3BOTA,3,3,BOT,A,5.04
